År,Måned,Snitt kapasitetsutnyttelse
2023,6,103.14181048518398
2023,10,97.42870270270271
2023,11,95.81355574324324
