År,Måned,Snitt Max vekt
2021,9,64524.0
2023,1,63633.12727272727
2023,6,15694.959349593495
2023,7,15920.0
2023,8,15904.990619136961
2023,9,15874.517766497462
2023,10,15920.0
