År,Måned,Snitt Max vekt
2023,6,76324.93975903615
2023,10,72097.24
2023,11,70902.03125
