År,Måned,Snitt kapasitetsutnyttelse
2022,11,69.60882352941177
2023,6,100.78588187894013
2023,9,72.05882352941177
2023,10,102.3949579831933
2023,11,98.71390374331551
