År,Måned,Snitt Max vekt
2022,11,47334.0
2023,6,68534.39967767929
2023,9,49000.0
2023,10,69628.57142857143
2023,11,67125.45454545454
